Trial,entani論文のCommonGround_wᴸ,解の非唯一性考慮のCommonGround_wᴸ,entani論文のCommonGround_wᵁ,解の非唯一性考慮のCommonGround_wᵁ,entani論文のCommonGround_wᴸ_1,解の非唯一性考慮のCommonGround_wᴸ_1,entani論文のCommonGround_wᵁ_1,解の非唯一性考慮のCommonGround_wᵁ_1,entani論文のCommonGround_wᴸ_2,解の非唯一性考慮のCommonGround_wᴸ_2,entani論文のCommonGround_wᵁ_2,解の非唯一性考慮のCommonGround_wᵁ_2,entani論文のCommonGround_wᴸ_3,解の非唯一性考慮のCommonGround_wᴸ_3,entani論文のCommonGround_wᵁ_3,解の非唯一性考慮のCommonGround_wᵁ_3
1,E,E,r,r,E,E,r,r,E,E,r,r,E,E,r,r
2,E,E,r,r,E,E,r,r,E,E,r,r,E,E,r,r
3,E,E,r,r,E,E,r,r,E,E,r,r,E,E,r,r
4,E,E,r,r,E,E,r,r,E,E,r,r,E,E,r,r
5,E,E,r,r,E,E,r,r,E,E,r,r,E,E,r,r
6,E,E,r,r,E,E,r,r,E,E,r,r,E,E,r,r
7,E,E,r,r,E,E,r,r,E,E,r,r,E,E,r,r
8,E,E,r,r,E,E,r,r,E,E,r,r,E,E,r,r
9,E,E,r,r,E,E,r,r,E,E,r,r,E,E,r,r
10,E,E,r,r,E,E,r,r,E,E,r,r,E,E,r,r
11,E,E,r,r,E,E,r,r,E,E,r,r,E,E,r,r
12,E,E,r,r,E,E,r,r,E,E,r,r,E,E,r,r
13,E,E,r,r,E,E,r,r,E,E,r,r,E,E,r,r
14,E,E,r,r,E,E,r,r,E,E,r,r,E,E,r,r
15,E,E,r,r,E,E,r,r,E,E,r,r,E,E,r,r
16,E,E,r,r,E,E,r,r,E,E,r,r,E,E,r,r
17,E,E,r,r,E,E,r,r,E,E,r,r,E,E,r,r
18,E,E,r,r,E,E,r,r,E,E,r,r,E,E,r,r
19,E,E,r,r,E,E,r,r,E,E,r,r,E,E,r,r
20,E,E,r,r,E,E,r,r,E,E,r,r,E,E,r,r
21,E,E,r,r,E,E,r,r,E,E,r,r,E,E,r,r
22,E,E,r,r,E,E,r,r,E,E,r,r,E,E,r,r
23,E,E,r,r,E,E,r,r,E,E,r,r,E,E,r,r
24,E,E,r,r,E,E,r,r,E,E,r,r,E,E,r,r
25,E,E,r,r,E,E,r,r,E,E,r,r,E,E,r,r
26,E,E,r,r,E,E,r,r,E,E,r,r,E,E,r,r
27,E,E,r,r,E,E,r,r,E,E,r,r,E,E,r,r
28,E,E,r,r,E,E,r,r,E,E,r,r,E,E,r,r
29,E,E,r,r,E,E,r,r,E,E,r,r,E,E,r,r
30,E,E,r,r,E,E,r,r,E,E,r,r,E,E,r,r
31,E,E,r,r,E,E,r,r,E,E,r,r,E,E,r,r
32,E,E,r,r,E,E,r,r,E,E,r,r,E,E,r,r
33,E,E,r,r,E,E,r,r,E,E,r,r,E,E,r,r
34,E,E,r,r,E,E,r,r,E,E,r,r,E,E,r,r
35,E,E,r,r,E,E,r,r,E,E,r,r,E,E,r,r
36,E,E,r,r,E,E,r,r,E,E,r,r,E,E,r,r
37,E,E,r,r,E,E,r,r,E,E,r,r,E,E,r,r
38,E,E,r,r,E,E,r,r,E,E,r,r,E,E,r,r
39,E,E,r,r,E,E,r,r,E,E,r,r,E,E,r,r
40,E,E,r,r,E,E,r,r,E,E,r,r,E,E,r,r
41,E,E,r,r,E,E,r,r,E,E,r,r,E,E,r,r
42,E,E,r,r,E,E,r,r,E,E,r,r,E,E,r,r
43,E,E,r,r,E,E,r,r,E,E,r,r,E,E,r,r
44,E,E,r,r,E,E,r,r,E,E,r,r,E,E,r,r
45,E,E,r,r,E,E,r,r,E,E,r,r,E,E,r,r
46,E,E,r,r,E,E,r,r,E,E,r,r,E,E,r,r
47,E,E,r,r,E,E,r,r,E,E,r,r,E,E,r,r
48,E,E,r,r,E,E,r,r,E,E,r,r,E,E,r,r
49,E,E,r,r,E,E,r,r,E,E,r,r,E,E,r,r
50,E,E,r,r,E,E,r,r,E,E,r,r,E,E,r,r
51,E,E,r,r,E,E,r,r,E,E,r,r,E,E,r,r
52,E,E,r,r,E,E,r,r,E,E,r,r,E,E,r,r
53,E,E,r,r,E,E,r,r,E,E,r,r,E,E,r,r
54,E,E,r,r,E,E,r,r,E,E,r,r,E,E,r,r
55,E,E,r,r,E,E,r,r,E,E,r,r,E,E,r,r
56,E,E,r,r,E,E,r,r,E,E,r,r,E,E,r,r
57,E,E,r,r,E,E,r,r,E,E,r,r,E,E,r,r
58,E,E,r,r,E,E,r,r,E,E,r,r,E,E,r,r
59,E,E,r,r,E,E,r,r,E,E,r,r,E,E,r,r
60,E,E,r,r,E,E,r,r,E,E,r,r,E,E,r,r
61,E,E,r,r,E,E,r,r,E,E,r,r,E,E,r,r
62,E,E,r,r,E,E,r,r,E,E,r,r,E,E,r,r
63,E,E,r,r,E,E,r,r,E,E,r,r,E,E,r,r
64,E,E,r,r,E,E,r,r,E,E,r,r,E,E,r,r
65,E,E,r,r,E,E,r,r,E,E,r,r,E,E,r,r
66,E,E,r,r,E,E,r,r,E,E,r,r,E,E,r,r
67,E,E,r,r,E,E,r,r,E,E,r,r,E,E,r,r
68,E,E,r,r,E,E,r,r,E,E,r,r,E,E,r,r
69,E,E,r,r,E,E,r,r,E,E,r,r,E,E,r,r
70,E,E,r,r,E,E,r,r,E,E,r,r,E,E,r,r
71,E,E,r,r,E,E,r,r,E,E,r,r,E,E,r,r
72,E,E,r,r,E,E,r,r,E,E,r,r,E,E,r,r
73,E,E,r,r,E,E,r,r,E,E,r,r,E,E,r,r
74,E,E,r,r,E,E,r,r,E,E,r,r,E,E,r,r
75,E,E,r,r,E,E,r,r,E,E,r,r,E,E,r,r
76,E,E,r,r,E,E,r,r,E,E,r,r,E,E,r,r
77,E,E,r,r,E,E,r,r,E,E,r,r,E,E,r,r
78,E,E,r,r,E,E,r,r,E,E,r,r,E,E,r,r
79,E,E,r,r,E,E,r,r,E,E,r,r,E,E,r,r
80,E,E,r,r,E,E,r,r,E,E,r,r,E,E,r,r
81,E,E,r,r,E,E,r,r,E,E,r,r,E,E,r,r
82,E,E,r,r,E,E,r,r,E,E,r,r,E,E,r,r
83,E,E,r,r,E,E,r,r,E,E,r,r,E,E,r,r
84,E,E,r,r,E,E,r,r,E,E,r,r,E,E,r,r
85,E,E,r,r,E,E,r,r,E,E,r,r,E,E,r,r
86,E,E,r,r,E,E,r,r,E,E,r,r,E,E,r,r
87,E,E,r,r,E,E,r,r,E,E,r,r,E,E,r,r
88,E,E,r,r,E,E,r,r,E,E,r,r,E,E,r,r
89,E,E,r,r,E,E,r,r,E,E,r,r,E,E,r,r
90,E,E,r,r,E,E,r,r,E,E,r,r,E,E,r,r
91,E,E,r,r,E,E,r,r,E,E,r,r,E,E,r,r
92,E,E,r,r,E,E,r,r,E,E,r,r,E,E,r,r
93,E,E,r,r,E,E,r,r,E,E,r,r,E,E,r,r
94,E,E,r,r,E,E,r,r,E,E,r,r,E,E,r,r
95,E,E,r,r,E,E,r,r,E,E,r,r,E,E,r,r
96,E,E,r,r,E,E,r,r,E,E,r,r,E,E,r,r
97,E,E,r,r,E,E,r,r,E,E,r,r,E,E,r,r
98,E,E,r,r,E,E,r,r,E,E,r,r,E,E,r,r
99,E,E,r,r,E,E,r,r,E,E,r,r,E,E,r,r
100,E,E,r,r,E,E,r,r,E,E,r,r,E,E,r,r
101,E,E,r,r,E,E,r,r,E,E,r,r,E,E,r,r
102,E,E,r,r,E,E,r,r,E,E,r,r,E,E,r,r
103,E,E,r,r,E,E,r,r,E,E,r,r,E,E,r,r
104,E,E,r,r,E,E,r,r,E,E,r,r,E,E,r,r
105,E,E,r,r,E,E,r,r,E,E,r,r,E,E,r,r
106,E,E,r,r,E,E,r,r,E,E,r,r,E,E,r,r
107,E,E,r,r,E,E,r,r,E,E,r,r,E,E,r,r
108,E,E,r,r,E,E,r,r,E,E,r,r,E,E,r,r
109,E,E,r,r,E,E,r,r,E,E,r,r,E,E,r,r
110,E,E,r,r,E,E,r,r,E,E,r,r,E,E,r,r
111,E,E,r,r,E,E,r,r,E,E,r,r,E,E,r,r
112,E,E,r,r,E,E,r,r,E,E,r,r,E,E,r,r
113,E,E,r,r,E,E,r,r,E,E,r,r,E,E,r,r
114,E,E,r,r,E,E,r,r,E,E,r,r,E,E,r,r
115,E,E,r,r,E,E,r,r,E,E,r,r,E,E,r,r
116,E,E,r,r,E,E,r,r,E,E,r,r,E,E,r,r
117,E,E,r,r,E,E,r,r,E,E,r,r,E,E,r,r
118,E,E,r,r,E,E,r,r,E,E,r,r,E,E,r,r
119,E,E,r,r,E,E,r,r,E,E,r,r,E,E,r,r
120,E,E,r,r,E,E,r,r,E,E,r,r,E,E,r,r
121,E,E,r,r,E,E,r,r,E,E,r,r,E,E,r,r
122,E,E,r,r,E,E,r,r,E,E,r,r,E,E,r,r
123,E,E,r,r,E,E,r,r,E,E,r,r,E,E,r,r
124,E,E,r,r,E,E,r,r,E,E,r,r,E,E,r,r
125,E,E,r,r,E,E,r,r,E,E,r,r,E,E,r,r
126,E,E,r,r,E,E,r,r,E,E,r,r,E,E,r,r
127,E,E,r,r,E,E,r,r,E,E,r,r,E,E,r,r
128,E,E,r,r,E,E,r,r,E,E,r,r,E,E,r,r
129,E,E,r,r,E,E,r,r,E,E,r,r,E,E,r,r
130,E,E,r,r,E,E,r,r,E,E,r,r,E,E,r,r
131,E,E,r,r,E,E,r,r,E,E,r,r,E,E,r,r
132,E,E,r,r,E,E,r,r,E,E,r,r,E,E,r,r
133,E,E,r,r,E,E,r,r,E,E,r,r,E,E,r,r
134,E,E,r,r,E,E,r,r,E,E,r,r,E,E,r,r
135,E,E,r,r,E,E,r,r,E,E,r,r,E,E,r,r
136,E,E,r,r,E,E,r,r,E,E,r,r,E,E,r,r
137,E,E,r,r,E,E,r,r,E,E,r,r,E,E,r,r
138,E,E,r,r,E,E,r,r,E,E,r,r,E,E,r,r
139,E,E,r,r,E,E,r,r,E,E,r,r,E,E,r,r
140,E,E,r,r,E,E,r,r,E,E,r,r,E,E,r,r
141,E,E,r,r,E,E,r,r,E,E,r,r,E,E,r,r
142,E,E,r,r,E,E,r,r,E,E,r,r,E,E,r,r
143,E,E,r,r,E,E,r,r,E,E,r,r,E,E,r,r
144,E,E,r,r,E,E,r,r,E,E,r,r,E,E,r,r
145,E,E,r,r,E,E,r,r,E,E,r,r,E,E,r,r
146,E,E,r,r,E,E,r,r,E,E,r,r,E,E,r,r
147,E,E,r,r,E,E,r,r,E,E,r,r,E,E,r,r
148,E,E,r,r,E,E,r,r,E,E,r,r,E,E,r,r
149,E,E,r,r,E,E,r,r,E,E,r,r,E,E,r,r
150,E,E,r,r,E,E,r,r,E,E,r,r,E,E,r,r
151,E,E,r,r,E,E,r,r,E,E,r,r,E,E,r,r
152,E,E,r,r,E,E,r,r,E,E,r,r,E,E,r,r
153,E,E,r,r,E,E,r,r,E,E,r,r,E,E,r,r
154,E,E,r,r,E,E,r,r,E,E,r,r,E,E,r,r
155,E,E,r,r,E,E,r,r,E,E,r,r,E,E,r,r
156,E,E,r,r,E,E,r,r,E,E,r,r,E,E,r,r
157,E,E,r,r,E,E,r,r,E,E,r,r,E,E,r,r
158,E,E,r,r,E,E,r,r,E,E,r,r,E,E,r,r
159,E,E,r,r,E,E,r,r,E,E,r,r,E,E,r,r
160,E,E,r,r,E,E,r,r,E,E,r,r,E,E,r,r
161,E,E,r,r,E,E,r,r,E,E,r,r,E,E,r,r
162,E,E,r,r,E,E,r,r,E,E,r,r,E,E,r,r
163,E,E,r,r,E,E,r,r,E,E,r,r,E,E,r,r
164,E,E,r,r,E,E,r,r,E,E,r,r,E,E,r,r
165,E,E,r,r,E,E,r,r,E,E,r,r,E,E,r,r
166,E,E,r,r,E,E,r,r,E,E,r,r,E,E,r,r
167,E,E,r,r,E,E,r,r,E,E,r,r,E,E,r,r
168,E,E,r,r,E,E,r,r,E,E,r,r,E,E,r,r
169,E,E,r,r,E,E,r,r,E,E,r,r,E,E,r,r
170,E,E,r,r,E,E,r,r,E,E,r,r,E,E,r,r
171,E,E,r,r,E,E,r,r,E,E,r,r,E,E,r,r
172,E,E,r,r,E,E,r,r,E,E,r,r,E,E,r,r
173,E,E,r,r,E,E,r,r,E,E,r,r,E,E,r,r
174,E,E,r,r,E,E,r,r,E,E,r,r,E,E,r,r
175,E,E,r,r,E,E,r,r,E,E,r,r,E,E,r,r
176,E,E,r,r,E,E,r,r,E,E,r,r,E,E,r,r
177,E,E,r,r,E,E,r,r,E,E,r,r,E,E,r,r
178,E,E,r,r,E,E,r,r,E,E,r,r,E,E,r,r
179,E,E,r,r,E,E,r,r,E,E,r,r,E,E,r,r
180,E,E,r,r,E,E,r,r,E,E,r,r,E,E,r,r
181,E,E,r,r,E,E,r,r,E,E,r,r,E,E,r,r
182,E,E,r,r,E,E,r,r,E,E,r,r,E,E,r,r
183,E,E,r,r,E,E,r,r,E,E,r,r,E,E,r,r
184,E,E,r,r,E,E,r,r,E,E,r,r,E,E,r,r
185,E,E,r,r,E,E,r,r,E,E,r,r,E,E,r,r
186,E,E,r,r,E,E,r,r,E,E,r,r,E,E,r,r
187,E,E,r,r,E,E,r,r,E,E,r,r,E,E,r,r
188,E,E,r,r,E,E,r,r,E,E,r,r,E,E,r,r
189,E,E,r,r,E,E,r,r,E,E,r,r,E,E,r,r
190,E,E,r,r,E,E,r,r,E,E,r,r,E,E,r,r
191,E,E,r,r,E,E,r,r,E,E,r,r,E,E,r,r
192,E,E,r,r,E,E,r,r,E,E,r,r,E,E,r,r
193,E,E,r,r,E,E,r,r,E,E,r,r,E,E,r,r
194,E,E,r,r,E,E,r,r,E,E,r,r,E,E,r,r
195,E,E,r,r,E,E,r,r,E,E,r,r,E,E,r,r
196,E,E,r,r,E,E,r,r,E,E,r,r,E,E,r,r
197,E,E,r,r,E,E,r,r,E,E,r,r,E,E,r,r
198,E,E,r,r,E,E,r,r,E,E,r,r,E,E,r,r
199,E,E,r,r,E,E,r,r,E,E,r,r,E,E,r,r
200,E,E,r,r,E,E,r,r,E,E,r,r,E,E,r,r
201,E,E,r,r,E,E,r,r,E,E,r,r,E,E,r,r
202,E,E,r,r,E,E,r,r,E,E,r,r,E,E,r,r
203,E,E,r,r,E,E,r,r,E,E,r,r,E,E,r,r
204,E,E,r,r,E,E,r,r,E,E,r,r,E,E,r,r
205,E,E,r,r,E,E,r,r,E,E,r,r,E,E,r,r
206,E,E,r,r,E,E,r,r,E,E,r,r,E,E,r,r
207,E,E,r,r,E,E,r,r,E,E,r,r,E,E,r,r
208,E,E,r,r,E,E,r,r,E,E,r,r,E,E,r,r
209,E,E,r,r,E,E,r,r,E,E,r,r,E,E,r,r
210,E,E,r,r,E,E,r,r,E,E,r,r,E,E,r,r
211,E,E,r,r,E,E,r,r,E,E,r,r,E,E,r,r
212,E,E,r,r,E,E,r,r,E,E,r,r,E,E,r,r
213,E,E,r,r,E,E,r,r,E,E,r,r,E,E,r,r
214,E,E,r,r,E,E,r,r,E,E,r,r,E,E,r,r
215,E,E,r,r,E,E,r,r,E,E,r,r,E,E,r,r
216,E,E,r,r,E,E,r,r,E,E,r,r,E,E,r,r
217,E,E,r,r,E,E,r,r,E,E,r,r,E,E,r,r
218,E,E,r,r,E,E,r,r,E,E,r,r,E,E,r,r
219,E,E,r,r,E,E,r,r,E,E,r,r,E,E,r,r
220,E,E,r,r,E,E,r,r,E,E,r,r,E,E,r,r
221,E,E,r,r,E,E,r,r,E,E,r,r,E,E,r,r
222,E,E,r,r,E,E,r,r,E,E,r,r,E,E,r,r
223,E,E,r,r,E,E,r,r,E,E,r,r,E,E,r,r
224,E,E,r,r,E,E,r,r,E,E,r,r,E,E,r,r
225,E,E,r,r,E,E,r,r,E,E,r,r,E,E,r,r
226,E,E,r,r,E,E,r,r,E,E,r,r,E,E,r,r
227,E,E,r,r,E,E,r,r,E,E,r,r,E,E,r,r
228,E,E,r,r,E,E,r,r,E,E,r,r,E,E,r,r
229,E,E,r,r,E,E,r,r,E,E,r,r,E,E,r,r
230,E,E,r,r,E,E,r,r,E,E,r,r,E,E,r,r
231,E,E,r,r,E,E,r,r,E,E,r,r,E,E,r,r
232,E,E,r,r,E,E,r,r,E,E,r,r,E,E,r,r
233,E,E,r,r,E,E,r,r,E,E,r,r,E,E,r,r
234,E,E,r,r,E,E,r,r,E,E,r,r,E,E,r,r
235,E,E,r,r,E,E,r,r,E,E,r,r,E,E,r,r
236,E,E,r,r,E,E,r,r,E,E,r,r,E,E,r,r
237,E,E,r,r,E,E,r,r,E,E,r,r,E,E,r,r
238,E,E,r,r,E,E,r,r,E,E,r,r,E,E,r,r
239,E,E,r,r,E,E,r,r,E,E,r,r,E,E,r,r
240,E,E,r,r,E,E,r,r,E,E,r,r,E,E,r,r
241,E,E,r,r,E,E,r,r,E,E,r,r,E,E,r,r
242,E,E,r,r,E,E,r,r,E,E,r,r,E,E,r,r
243,E,E,r,r,E,E,r,r,E,E,r,r,E,E,r,r
244,E,E,r,r,E,E,r,r,E,E,r,r,E,E,r,r
245,E,E,r,r,E,E,r,r,E,E,r,r,E,E,r,r
246,E,E,r,r,E,E,r,r,E,E,r,r,E,E,r,r
247,E,E,r,r,E,E,r,r,E,E,r,r,E,E,r,r
248,E,E,r,r,E,E,r,r,E,E,r,r,E,E,r,r
249,E,E,r,r,E,E,r,r,E,E,r,r,E,E,r,r
250,E,E,r,r,E,E,r,r,E,E,r,r,E,E,r,r
251,E,E,r,r,E,E,r,r,E,E,r,r,E,E,r,r
252,E,E,r,r,E,E,r,r,E,E,r,r,E,E,r,r
253,E,E,r,r,E,E,r,r,E,E,r,r,E,E,r,r
254,E,E,r,r,E,E,r,r,E,E,r,r,E,E,r,r
255,E,E,r,r,E,E,r,r,E,E,r,r,E,E,r,r
256,E,E,r,r,E,E,r,r,E,E,r,r,E,E,r,r
257,E,E,r,r,E,E,r,r,E,E,r,r,E,E,r,r
258,E,E,r,r,E,E,r,r,E,E,r,r,E,E,r,r
259,E,E,r,r,E,E,r,r,E,E,r,r,E,E,r,r
260,E,E,r,r,E,E,r,r,E,E,r,r,E,E,r,r
261,E,E,r,r,E,E,r,r,E,E,r,r,E,E,r,r
262,E,E,r,r,E,E,r,r,E,E,r,r,E,E,r,r
263,E,E,r,r,E,E,r,r,E,E,r,r,E,E,r,r
264,E,E,r,r,E,E,r,r,E,E,r,r,E,E,r,r
265,E,E,r,r,E,E,r,r,E,E,r,r,E,E,r,r
266,E,E,r,r,E,E,r,r,E,E,r,r,E,E,r,r
267,E,E,r,r,E,E,r,r,E,E,r,r,E,E,r,r
268,E,E,r,r,E,E,r,r,E,E,r,r,E,E,r,r
269,E,E,r,r,E,E,r,r,E,E,r,r,E,E,r,r
270,E,E,r,r,E,E,r,r,E,E,r,r,E,E,r,r
271,E,E,r,r,E,E,r,r,E,E,r,r,E,E,r,r
272,E,E,r,r,E,E,r,r,E,E,r,r,E,E,r,r
273,E,E,r,r,E,E,r,r,E,E,r,r,E,E,r,r
274,E,E,r,r,E,E,r,r,E,E,r,r,E,E,r,r
275,E,E,r,r,E,E,r,r,E,E,r,r,E,E,r,r
276,E,E,r,r,E,E,r,r,E,E,r,r,E,E,r,r
277,E,E,r,r,E,E,r,r,E,E,r,r,E,E,r,r
278,E,E,r,r,E,E,r,r,E,E,r,r,E,E,r,r
279,E,E,r,r,E,E,r,r,E,E,r,r,E,E,r,r
280,E,E,r,r,E,E,r,r,E,E,r,r,E,E,r,r
281,E,E,r,r,E,E,r,r,E,E,r,r,E,E,r,r
282,E,E,r,r,E,E,r,r,E,E,r,r,E,E,r,r
283,E,E,r,r,E,E,r,r,E,E,r,r,E,E,r,r
284,E,E,r,r,E,E,r,r,E,E,r,r,E,E,r,r
285,E,E,r,r,E,E,r,r,E,E,r,r,E,E,r,r
286,E,E,r,r,E,E,r,r,E,E,r,r,E,E,r,r
287,E,E,r,r,E,E,r,r,E,E,r,r,E,E,r,r
288,E,E,r,r,E,E,r,r,E,E,r,r,E,E,r,r
289,E,E,r,r,E,E,r,r,E,E,r,r,E,E,r,r
290,E,E,r,r,E,E,r,r,E,E,r,r,E,E,r,r
291,E,E,r,r,E,E,r,r,E,E,r,r,E,E,r,r
292,E,E,r,r,E,E,r,r,E,E,r,r,E,E,r,r
293,E,E,r,r,E,E,r,r,E,E,r,r,E,E,r,r
294,E,E,r,r,E,E,r,r,E,E,r,r,E,E,r,r
295,E,E,r,r,E,E,r,r,E,E,r,r,E,E,r,r
296,E,E,r,r,E,E,r,r,E,E,r,r,E,E,r,r
297,E,E,r,r,E,E,r,r,E,E,r,r,E,E,r,r
298,E,E,r,r,E,E,r,r,E,E,r,r,E,E,r,r
299,E,E,r,r,E,E,r,r,E,E,r,r,E,E,r,r
300,E,E,r,r,E,E,r,r,E,E,r,r,E,E,r,r
301,E,E,r,r,E,E,r,r,E,E,r,r,E,E,r,r
302,E,E,r,r,E,E,r,r,E,E,r,r,E,E,r,r
303,E,E,r,r,E,E,r,r,E,E,r,r,E,E,r,r
304,E,E,r,r,E,E,r,r,E,E,r,r,E,E,r,r
305,E,E,r,r,E,E,r,r,E,E,r,r,E,E,r,r
306,E,E,r,r,E,E,r,r,E,E,r,r,E,E,r,r
307,E,E,r,r,E,E,r,r,E,E,r,r,E,E,r,r
308,E,E,r,r,E,E,r,r,E,E,r,r,E,E,r,r
309,E,E,r,r,E,E,r,r,E,E,r,r,E,E,r,r
310,E,E,r,r,E,E,r,r,E,E,r,r,E,E,r,r
311,E,E,r,r,E,E,r,r,E,E,r,r,E,E,r,r
312,E,E,r,r,E,E,r,r,E,E,r,r,E,E,r,r
313,E,E,r,r,E,E,r,r,E,E,r,r,E,E,r,r
314,E,E,r,r,E,E,r,r,E,E,r,r,E,E,r,r
315,E,E,r,r,E,E,r,r,E,E,r,r,E,E,r,r
316,E,E,r,r,E,E,r,r,E,E,r,r,E,E,r,r
317,E,E,r,r,E,E,r,r,E,E,r,r,E,E,r,r
318,E,E,r,r,E,E,r,r,E,E,r,r,E,E,r,r
319,E,E,r,r,E,E,r,r,E,E,r,r,E,E,r,r
320,E,E,r,r,E,E,r,r,E,E,r,r,E,E,r,r
321,E,E,r,r,E,E,r,r,E,E,r,r,E,E,r,r
322,E,E,r,r,E,E,r,r,E,E,r,r,E,E,r,r
323,E,E,r,r,E,E,r,r,E,E,r,r,E,E,r,r
324,E,E,r,r,E,E,r,r,E,E,r,r,E,E,r,r
325,E,E,r,r,E,E,r,r,E,E,r,r,E,E,r,r
326,E,E,r,r,E,E,r,r,E,E,r,r,E,E,r,r
327,E,E,r,r,E,E,r,r,E,E,r,r,E,E,r,r
328,E,E,r,r,E,E,r,r,E,E,r,r,E,E,r,r
329,E,E,r,r,E,E,r,r,E,E,r,r,E,E,r,r
330,E,E,r,r,E,E,r,r,E,E,r,r,E,E,r,r
331,E,E,r,r,E,E,r,r,E,E,r,r,E,E,r,r
332,E,E,r,r,E,E,r,r,E,E,r,r,E,E,r,r
333,E,E,r,r,E,E,r,r,E,E,r,r,E,E,r,r
334,E,E,r,r,E,E,r,r,E,E,r,r,E,E,r,r
335,E,E,r,r,E,E,r,r,E,E,r,r,E,E,r,r
336,E,E,r,r,E,E,r,r,E,E,r,r,E,E,r,r
337,E,E,r,r,E,E,r,r,E,E,r,r,E,E,r,r
338,E,E,r,r,E,E,r,r,E,E,r,r,E,E,r,r
339,E,E,r,r,E,E,r,r,E,E,r,r,E,E,r,r
340,E,E,r,r,E,E,r,r,E,E,r,r,E,E,r,r
341,E,E,r,r,E,E,r,r,E,E,r,r,E,E,r,r
342,E,E,r,r,E,E,r,r,E,E,r,r,E,E,r,r
343,E,E,r,r,E,E,r,r,E,E,r,r,E,E,r,r
344,E,E,r,r,E,E,r,r,E,E,r,r,E,E,r,r
345,E,E,r,r,E,E,r,r,E,E,r,r,E,E,r,r
346,E,E,r,r,E,E,r,r,E,E,r,r,E,E,r,r
347,E,E,r,r,E,E,r,r,E,E,r,r,E,E,r,r
348,E,E,r,r,E,E,r,r,E,E,r,r,E,E,r,r
349,E,E,r,r,E,E,r,r,E,E,r,r,E,E,r,r
350,E,E,r,r,E,E,r,r,E,E,r,r,E,E,r,r
351,E,E,r,r,E,E,r,r,E,E,r,r,E,E,r,r
352,E,E,r,r,E,E,r,r,E,E,r,r,E,E,r,r
353,E,E,r,r,E,E,r,r,E,E,r,r,E,E,r,r
354,E,E,r,r,E,E,r,r,E,E,r,r,E,E,r,r
355,E,E,r,r,E,E,r,r,E,E,r,r,E,E,r,r
356,E,E,r,r,E,E,r,r,E,E,r,r,E,E,r,r
357,E,E,r,r,E,E,r,r,E,E,r,r,E,E,r,r
358,E,E,r,r,E,E,r,r,E,E,r,r,E,E,r,r
359,E,E,r,r,E,E,r,r,E,E,r,r,E,E,r,r
360,E,E,r,r,E,E,r,r,E,E,r,r,E,E,r,r
361,E,E,r,r,E,E,r,r,E,E,r,r,E,E,r,r
362,E,E,r,r,E,E,r,r,E,E,r,r,E,E,r,r
363,E,E,r,r,E,E,r,r,E,E,r,r,E,E,r,r
364,E,E,r,r,E,E,r,r,E,E,r,r,E,E,r,r
365,E,E,r,r,E,E,r,r,E,E,r,r,E,E,r,r
366,E,E,r,r,E,E,r,r,E,E,r,r,E,E,r,r
367,E,E,r,r,E,E,r,r,E,E,r,r,E,E,r,r
368,E,E,r,r,E,E,r,r,E,E,r,r,E,E,r,r
369,E,E,r,r,E,E,r,r,E,E,r,r,E,E,r,r
370,E,E,r,r,E,E,r,r,E,E,r,r,E,E,r,r
371,E,E,r,r,E,E,r,r,E,E,r,r,E,E,r,r
372,E,E,r,r,E,E,r,r,E,E,r,r,E,E,r,r
373,E,E,r,r,E,E,r,r,E,E,r,r,E,E,r,r
374,E,E,r,r,E,E,r,r,E,E,r,r,E,E,r,r
375,E,E,r,r,E,E,r,r,E,E,r,r,E,E,r,r
376,E,E,r,r,E,E,r,r,E,E,r,r,E,E,r,r
377,E,E,r,r,E,E,r,r,E,E,r,r,E,E,r,r
378,E,E,r,r,E,E,r,r,E,E,r,r,E,E,r,r
379,E,E,r,r,E,E,r,r,E,E,r,r,E,E,r,r
380,E,E,r,r,E,E,r,r,E,E,r,r,E,E,r,r
381,E,E,r,r,E,E,r,r,E,E,r,r,E,E,r,r
382,E,E,r,r,E,E,r,r,E,E,r,r,E,E,r,r
383,E,E,r,r,E,E,r,r,E,E,r,r,E,E,r,r
384,E,E,r,r,E,E,r,r,E,E,r,r,E,E,r,r
385,E,E,r,r,E,E,r,r,E,E,r,r,E,E,r,r
386,E,E,r,r,E,E,r,r,E,E,r,r,E,E,r,r
387,E,E,r,r,E,E,r,r,E,E,r,r,E,E,r,r
388,E,E,r,r,E,E,r,r,E,E,r,r,E,E,r,r
389,E,E,r,r,E,E,r,r,E,E,r,r,E,E,r,r
390,E,E,r,r,E,E,r,r,E,E,r,r,E,E,r,r
391,E,E,r,r,E,E,r,r,E,E,r,r,E,E,r,r
392,E,E,r,r,E,E,r,r,E,E,r,r,E,E,r,r
393,E,E,r,r,E,E,r,r,E,E,r,r,E,E,r,r
394,E,E,r,r,E,E,r,r,E,E,r,r,E,E,r,r
395,E,E,r,r,E,E,r,r,E,E,r,r,E,E,r,r
396,E,E,r,r,E,E,r,r,E,E,r,r,E,E,r,r
397,E,E,r,r,E,E,r,r,E,E,r,r,E,E,r,r
398,E,E,r,r,E,E,r,r,E,E,r,r,E,E,r,r
399,E,E,r,r,E,E,r,r,E,E,r,r,E,E,r,r
400,E,E,r,r,E,E,r,r,E,E,r,r,E,E,r,r
401,E,E,r,r,E,E,r,r,E,E,r,r,E,E,r,r
402,E,E,r,r,E,E,r,r,E,E,r,r,E,E,r,r
403,E,E,r,r,E,E,r,r,E,E,r,r,E,E,r,r
404,E,E,r,r,E,E,r,r,E,E,r,r,E,E,r,r
405,E,E,r,r,E,E,r,r,E,E,r,r,E,E,r,r
406,E,E,r,r,E,E,r,r,E,E,r,r,E,E,r,r
407,E,E,r,r,E,E,r,r,E,E,r,r,E,E,r,r
408,E,E,r,r,E,E,r,r,E,E,r,r,E,E,r,r
409,E,E,r,r,E,E,r,r,E,E,r,r,E,E,r,r
410,E,E,r,r,E,E,r,r,E,E,r,r,E,E,r,r
411,E,E,r,r,E,E,r,r,E,E,r,r,E,E,r,r
412,E,E,r,r,E,E,r,r,E,E,r,r,E,E,r,r
413,E,E,r,r,E,E,r,r,E,E,r,r,E,E,r,r
414,E,E,r,r,E,E,r,r,E,E,r,r,E,E,r,r
415,E,E,r,r,E,E,r,r,E,E,r,r,E,E,r,r
416,E,E,r,r,E,E,r,r,E,E,r,r,E,E,r,r
417,E,E,r,r,E,E,r,r,E,E,r,r,E,E,r,r
418,E,E,r,r,E,E,r,r,E,E,r,r,E,E,r,r
419,E,E,r,r,E,E,r,r,E,E,r,r,E,E,r,r
420,E,E,r,r,E,E,r,r,E,E,r,r,E,E,r,r
421,E,E,r,r,E,E,r,r,E,E,r,r,E,E,r,r
422,E,E,r,r,E,E,r,r,E,E,r,r,E,E,r,r
423,E,E,r,r,E,E,r,r,E,E,r,r,E,E,r,r
424,E,E,r,r,E,E,r,r,E,E,r,r,E,E,r,r
425,E,E,r,r,E,E,r,r,E,E,r,r,E,E,r,r
426,E,E,r,r,E,E,r,r,E,E,r,r,E,E,r,r
427,E,E,r,r,E,E,r,r,E,E,r,r,E,E,r,r
428,E,E,r,r,E,E,r,r,E,E,r,r,E,E,r,r
429,E,E,r,r,E,E,r,r,E,E,r,r,E,E,r,r
430,E,E,r,r,E,E,r,r,E,E,r,r,E,E,r,r
431,E,E,r,r,E,E,r,r,E,E,r,r,E,E,r,r
432,E,E,r,r,E,E,r,r,E,E,r,r,E,E,r,r
433,E,E,r,r,E,E,r,r,E,E,r,r,E,E,r,r
434,E,E,r,r,E,E,r,r,E,E,r,r,E,E,r,r
435,E,E,r,r,E,E,r,r,E,E,r,r,E,E,r,r
436,E,E,r,r,E,E,r,r,E,E,r,r,E,E,r,r
437,E,E,r,r,E,E,r,r,E,E,r,r,E,E,r,r
438,E,E,r,r,E,E,r,r,E,E,r,r,E,E,r,r
439,E,E,r,r,E,E,r,r,E,E,r,r,E,E,r,r
440,E,E,r,r,E,E,r,r,E,E,r,r,E,E,r,r
441,E,E,r,r,E,E,r,r,E,E,r,r,E,E,r,r
442,E,E,r,r,E,E,r,r,E,E,r,r,E,E,r,r
443,E,E,r,r,E,E,r,r,E,E,r,r,E,E,r,r
444,E,E,r,r,E,E,r,r,E,E,r,r,E,E,r,r
445,E,E,r,r,E,E,r,r,E,E,r,r,E,E,r,r
446,E,E,r,r,E,E,r,r,E,E,r,r,E,E,r,r
447,E,E,r,r,E,E,r,r,E,E,r,r,E,E,r,r
448,E,E,r,r,E,E,r,r,E,E,r,r,E,E,r,r
449,E,E,r,r,E,E,r,r,E,E,r,r,E,E,r,r
450,E,E,r,r,E,E,r,r,E,E,r,r,E,E,r,r
451,E,E,r,r,E,E,r,r,E,E,r,r,E,E,r,r
452,E,E,r,r,E,E,r,r,E,E,r,r,E,E,r,r
453,E,E,r,r,E,E,r,r,E,E,r,r,E,E,r,r
454,E,E,r,r,E,E,r,r,E,E,r,r,E,E,r,r
455,E,E,r,r,E,E,r,r,E,E,r,r,E,E,r,r
456,E,E,r,r,E,E,r,r,E,E,r,r,E,E,r,r
457,E,E,r,r,E,E,r,r,E,E,r,r,E,E,r,r
458,E,E,r,r,E,E,r,r,E,E,r,r,E,E,r,r
459,E,E,r,r,E,E,r,r,E,E,r,r,E,E,r,r
460,E,E,r,r,E,E,r,r,E,E,r,r,E,E,r,r
461,E,E,r,r,E,E,r,r,E,E,r,r,E,E,r,r
462,E,E,r,r,E,E,r,r,E,E,r,r,E,E,r,r
463,E,E,r,r,E,E,r,r,E,E,r,r,E,E,r,r
464,E,E,r,r,E,E,r,r,E,E,r,r,E,E,r,r
465,E,E,r,r,E,E,r,r,E,E,r,r,E,E,r,r
466,E,E,r,r,E,E,r,r,E,E,r,r,E,E,r,r
467,E,E,r,r,E,E,r,r,E,E,r,r,E,E,r,r
468,E,E,r,r,E,E,r,r,E,E,r,r,E,E,r,r
469,E,E,r,r,E,E,r,r,E,E,r,r,E,E,r,r
470,E,E,r,r,E,E,r,r,E,E,r,r,E,E,r,r
471,E,E,r,r,E,E,r,r,E,E,r,r,E,E,r,r
472,E,E,r,r,E,E,r,r,E,E,r,r,E,E,r,r
473,E,E,r,r,E,E,r,r,E,E,r,r,E,E,r,r
474,E,E,r,r,E,E,r,r,E,E,r,r,E,E,r,r
475,E,E,r,r,E,E,r,r,E,E,r,r,E,E,r,r
476,E,E,r,r,E,E,r,r,E,E,r,r,E,E,r,r
477,E,E,r,r,E,E,r,r,E,E,r,r,E,E,r,r
478,E,E,r,r,E,E,r,r,E,E,r,r,E,E,r,r
479,E,E,r,r,E,E,r,r,E,E,r,r,E,E,r,r
480,E,E,r,r,E,E,r,r,E,E,r,r,E,E,r,r
481,E,E,r,r,E,E,r,r,E,E,r,r,E,E,r,r
482,E,E,r,r,E,E,r,r,E,E,r,r,E,E,r,r
483,E,E,r,r,E,E,r,r,E,E,r,r,E,E,r,r
484,E,E,r,r,E,E,r,r,E,E,r,r,E,E,r,r
485,E,E,r,r,E,E,r,r,E,E,r,r,E,E,r,r
486,E,E,r,r,E,E,r,r,E,E,r,r,E,E,r,r
487,E,E,r,r,E,E,r,r,E,E,r,r,E,E,r,r
488,E,E,r,r,E,E,r,r,E,E,r,r,E,E,r,r
489,E,E,r,r,E,E,r,r,E,E,r,r,E,E,r,r
490,E,E,r,r,E,E,r,r,E,E,r,r,E,E,r,r
491,E,E,r,r,E,E,r,r,E,E,r,r,E,E,r,r
492,E,E,r,r,E,E,r,r,E,E,r,r,E,E,r,r
493,E,E,r,r,E,E,r,r,E,E,r,r,E,E,r,r
494,E,E,r,r,E,E,r,r,E,E,r,r,E,E,r,r
495,E,E,r,r,E,E,r,r,E,E,r,r,E,E,r,r
496,E,E,r,r,E,E,r,r,E,E,r,r,E,E,r,r
497,E,E,r,r,E,E,r,r,E,E,r,r,E,E,r,r
498,E,E,r,r,E,E,r,r,E,E,r,r,E,E,r,r
499,E,E,r,r,E,E,r,r,E,E,r,r,E,E,r,r
500,E,E,r,r,E,E,r,r,E,E,r,r,E,E,r,r
501,E,E,r,r,E,E,r,r,E,E,r,r,E,E,r,r
502,E,E,r,r,E,E,r,r,E,E,r,r,E,E,r,r
503,E,E,r,r,E,E,r,r,E,E,r,r,E,E,r,r
504,E,E,r,r,E,E,r,r,E,E,r,r,E,E,r,r
505,E,E,r,r,E,E,r,r,E,E,r,r,E,E,r,r
506,E,E,r,r,E,E,r,r,E,E,r,r,E,E,r,r
507,E,E,r,r,E,E,r,r,E,E,r,r,E,E,r,r
508,E,E,r,r,E,E,r,r,E,E,r,r,E,E,r,r
509,E,E,r,r,E,E,r,r,E,E,r,r,E,E,r,r
510,E,E,r,r,E,E,r,r,E,E,r,r,E,E,r,r
511,E,E,r,r,E,E,r,r,E,E,r,r,E,E,r,r
512,E,E,r,r,E,E,r,r,E,E,r,r,E,E,r,r
513,E,E,r,r,E,E,r,r,E,E,r,r,E,E,r,r
514,E,E,r,r,E,E,r,r,E,E,r,r,E,E,r,r
515,E,E,r,r,E,E,r,r,E,E,r,r,E,E,r,r
516,E,E,r,r,E,E,r,r,E,E,r,r,E,E,r,r
517,E,E,r,r,E,E,r,r,E,E,r,r,E,E,r,r
518,E,E,r,r,E,E,r,r,E,E,r,r,E,E,r,r
519,E,E,r,r,E,E,r,r,E,E,r,r,E,E,r,r
520,E,E,r,r,E,E,r,r,E,E,r,r,E,E,r,r
521,E,E,r,r,E,E,r,r,E,E,r,r,E,E,r,r
522,E,E,r,r,E,E,r,r,E,E,r,r,E,E,r,r
523,E,E,r,r,E,E,r,r,E,E,r,r,E,E,r,r
524,E,E,r,r,E,E,r,r,E,E,r,r,E,E,r,r
525,E,E,r,r,E,E,r,r,E,E,r,r,E,E,r,r
526,E,E,r,r,E,E,r,r,E,E,r,r,E,E,r,r
527,E,E,r,r,E,E,r,r,E,E,r,r,E,E,r,r
528,E,E,r,r,E,E,r,r,E,E,r,r,E,E,r,r
529,E,E,r,r,E,E,r,r,E,E,r,r,E,E,r,r
530,E,E,r,r,E,E,r,r,E,E,r,r,E,E,r,r
531,E,E,r,r,E,E,r,r,E,E,r,r,E,E,r,r
532,E,E,r,r,E,E,r,r,E,E,r,r,E,E,r,r
533,E,E,r,r,E,E,r,r,E,E,r,r,E,E,r,r
534,E,E,r,r,E,E,r,r,E,E,r,r,E,E,r,r
535,E,E,r,r,E,E,r,r,E,E,r,r,E,E,r,r
536,E,E,r,r,E,E,r,r,E,E,r,r,E,E,r,r
537,E,E,r,r,E,E,r,r,E,E,r,r,E,E,r,r
538,E,E,r,r,E,E,r,r,E,E,r,r,E,E,r,r
539,E,E,r,r,E,E,r,r,E,E,r,r,E,E,r,r
540,E,E,r,r,E,E,r,r,E,E,r,r,E,E,r,r
541,E,E,r,r,E,E,r,r,E,E,r,r,E,E,r,r
542,E,E,r,r,E,E,r,r,E,E,r,r,E,E,r,r
543,E,E,r,r,E,E,r,r,E,E,r,r,E,E,r,r
544,E,E,r,r,E,E,r,r,E,E,r,r,E,E,r,r
545,E,E,r,r,E,E,r,r,E,E,r,r,E,E,r,r
546,E,E,r,r,E,E,r,r,E,E,r,r,E,E,r,r
547,E,E,r,r,E,E,r,r,E,E,r,r,E,E,r,r
548,E,E,r,r,E,E,r,r,E,E,r,r,E,E,r,r
549,E,E,r,r,E,E,r,r,E,E,r,r,E,E,r,r
550,E,E,r,r,E,E,r,r,E,E,r,r,E,E,r,r
551,E,E,r,r,E,E,r,r,E,E,r,r,E,E,r,r
552,E,E,r,r,E,E,r,r,E,E,r,r,E,E,r,r
553,E,E,r,r,E,E,r,r,E,E,r,r,E,E,r,r
554,E,E,r,r,E,E,r,r,E,E,r,r,E,E,r,r
555,E,E,r,r,E,E,r,r,E,E,r,r,E,E,r,r
556,E,E,r,r,E,E,r,r,E,E,r,r,E,E,r,r
557,E,E,r,r,E,E,r,r,E,E,r,r,E,E,r,r
558,E,E,r,r,E,E,r,r,E,E,r,r,E,E,r,r
559,E,E,r,r,E,E,r,r,E,E,r,r,E,E,r,r
560,E,E,r,r,E,E,r,r,E,E,r,r,E,E,r,r
561,E,E,r,r,E,E,r,r,E,E,r,r,E,E,r,r
562,E,E,r,r,E,E,r,r,E,E,r,r,E,E,r,r
563,E,E,r,r,E,E,r,r,E,E,r,r,E,E,r,r
564,E,E,r,r,E,E,r,r,E,E,r,r,E,E,r,r
565,E,E,r,r,E,E,r,r,E,E,r,r,E,E,r,r
566,E,E,r,r,E,E,r,r,E,E,r,r,E,E,r,r
567,E,E,r,r,E,E,r,r,E,E,r,r,E,E,r,r
568,E,E,r,r,E,E,r,r,E,E,r,r,E,E,r,r
569,E,E,r,r,E,E,r,r,E,E,r,r,E,E,r,r
570,E,E,r,r,E,E,r,r,E,E,r,r,E,E,r,r
571,E,E,r,r,E,E,r,r,E,E,r,r,E,E,r,r
572,E,E,r,r,E,E,r,r,E,E,r,r,E,E,r,r
573,E,E,r,r,E,E,r,r,E,E,r,r,E,E,r,r
574,E,E,r,r,E,E,r,r,E,E,r,r,E,E,r,r
575,E,E,r,r,E,E,r,r,E,E,r,r,E,E,r,r
576,E,E,r,r,E,E,r,r,E,E,r,r,E,E,r,r
577,E,E,r,r,E,E,r,r,E,E,r,r,E,E,r,r
578,E,E,r,r,E,E,r,r,E,E,r,r,E,E,r,r
579,E,E,r,r,E,E,r,r,E,E,r,r,E,E,r,r
580,E,E,r,r,E,E,r,r,E,E,r,r,E,E,r,r
581,E,E,r,r,E,E,r,r,E,E,r,r,E,E,r,r
582,E,E,r,r,E,E,r,r,E,E,r,r,E,E,r,r
583,E,E,r,r,E,E,r,r,E,E,r,r,E,E,r,r
584,E,E,r,r,E,E,r,r,E,E,r,r,E,E,r,r
585,E,E,r,r,E,E,r,r,E,E,r,r,E,E,r,r
586,E,E,r,r,E,E,r,r,E,E,r,r,E,E,r,r
587,E,E,r,r,E,E,r,r,E,E,r,r,E,E,r,r
588,E,E,r,r,E,E,r,r,E,E,r,r,E,E,r,r
589,E,E,r,r,E,E,r,r,E,E,r,r,E,E,r,r
590,E,E,r,r,E,E,r,r,E,E,r,r,E,E,r,r
591,E,E,r,r,E,E,r,r,E,E,r,r,E,E,r,r
592,E,E,r,r,E,E,r,r,E,E,r,r,E,E,r,r
593,E,E,r,r,E,E,r,r,E,E,r,r,E,E,r,r
594,E,E,r,r,E,E,r,r,E,E,r,r,E,E,r,r
595,E,E,r,r,E,E,r,r,E,E,r,r,E,E,r,r
596,E,E,r,r,E,E,r,r,E,E,r,r,E,E,r,r
597,E,E,r,r,E,E,r,r,E,E,r,r,E,E,r,r
598,E,E,r,r,E,E,r,r,E,E,r,r,E,E,r,r
599,E,E,r,r,E,E,r,r,E,E,r,r,E,E,r,r
600,E,E,r,r,E,E,r,r,E,E,r,r,E,E,r,r
601,E,E,r,r,E,E,r,r,E,E,r,r,E,E,r,r
602,E,E,r,r,E,E,r,r,E,E,r,r,E,E,r,r
603,E,E,r,r,E,E,r,r,E,E,r,r,E,E,r,r
604,E,E,r,r,E,E,r,r,E,E,r,r,E,E,r,r
605,E,E,r,r,E,E,r,r,E,E,r,r,E,E,r,r
606,E,E,r,r,E,E,r,r,E,E,r,r,E,E,r,r
607,E,E,r,r,E,E,r,r,E,E,r,r,E,E,r,r
608,E,E,r,r,E,E,r,r,E,E,r,r,E,E,r,r
609,E,E,r,r,E,E,r,r,E,E,r,r,E,E,r,r
610,E,E,r,r,E,E,r,r,E,E,r,r,E,E,r,r
611,E,E,r,r,E,E,r,r,E,E,r,r,E,E,r,r
612,E,E,r,r,E,E,r,r,E,E,r,r,E,E,r,r
613,E,E,r,r,E,E,r,r,E,E,r,r,E,E,r,r
614,E,E,r,r,E,E,r,r,E,E,r,r,E,E,r,r
615,E,E,r,r,E,E,r,r,E,E,r,r,E,E,r,r
616,E,E,r,r,E,E,r,r,E,E,r,r,E,E,r,r
617,E,E,r,r,E,E,r,r,E,E,r,r,E,E,r,r
618,E,E,r,r,E,E,r,r,E,E,r,r,E,E,r,r
619,E,E,r,r,E,E,r,r,E,E,r,r,E,E,r,r
620,E,E,r,r,E,E,r,r,E,E,r,r,E,E,r,r
621,E,E,r,r,E,E,r,r,E,E,r,r,E,E,r,r
622,E,E,r,r,E,E,r,r,E,E,r,r,E,E,r,r
623,E,E,r,r,E,E,r,r,E,E,r,r,E,E,r,r
624,E,E,r,r,E,E,r,r,E,E,r,r,E,E,r,r
625,E,E,r,r,E,E,r,r,E,E,r,r,E,E,r,r
626,E,E,r,r,E,E,r,r,E,E,r,r,E,E,r,r
627,E,E,r,r,E,E,r,r,E,E,r,r,E,E,r,r
628,E,E,r,r,E,E,r,r,E,E,r,r,E,E,r,r
629,E,E,r,r,E,E,r,r,E,E,r,r,E,E,r,r
630,E,E,r,r,E,E,r,r,E,E,r,r,E,E,r,r
631,E,E,r,r,E,E,r,r,E,E,r,r,E,E,r,r
632,E,E,r,r,E,E,r,r,E,E,r,r,E,E,r,r
633,E,E,r,r,E,E,r,r,E,E,r,r,E,E,r,r
634,E,E,r,r,E,E,r,r,E,E,r,r,E,E,r,r
635,E,E,r,r,E,E,r,r,E,E,r,r,E,E,r,r
636,E,E,r,r,E,E,r,r,E,E,r,r,E,E,r,r
637,E,E,r,r,E,E,r,r,E,E,r,r,E,E,r,r
638,E,E,r,r,E,E,r,r,E,E,r,r,E,E,r,r
639,E,E,r,r,E,E,r,r,E,E,r,r,E,E,r,r
640,E,E,r,r,E,E,r,r,E,E,r,r,E,E,r,r
641,E,E,r,r,E,E,r,r,E,E,r,r,E,E,r,r
642,E,E,r,r,E,E,r,r,E,E,r,r,E,E,r,r
643,E,E,r,r,E,E,r,r,E,E,r,r,E,E,r,r
644,E,E,r,r,E,E,r,r,E,E,r,r,E,E,r,r
645,E,E,r,r,E,E,r,r,E,E,r,r,E,E,r,r
646,E,E,r,r,E,E,r,r,E,E,r,r,E,E,r,r
647,E,E,r,r,E,E,r,r,E,E,r,r,E,E,r,r
648,E,E,r,r,E,E,r,r,E,E,r,r,E,E,r,r
649,E,E,r,r,E,E,r,r,E,E,r,r,E,E,r,r
650,E,E,r,r,E,E,r,r,E,E,r,r,E,E,r,r
651,E,E,r,r,E,E,r,r,E,E,r,r,E,E,r,r
652,E,E,r,r,E,E,r,r,E,E,r,r,E,E,r,r
653,E,E,r,r,E,E,r,r,E,E,r,r,E,E,r,r
654,E,E,r,r,E,E,r,r,E,E,r,r,E,E,r,r
655,E,E,r,r,E,E,r,r,E,E,r,r,E,E,r,r
656,E,E,r,r,E,E,r,r,E,E,r,r,E,E,r,r
657,E,E,r,r,E,E,r,r,E,E,r,r,E,E,r,r
658,E,E,r,r,E,E,r,r,E,E,r,r,E,E,r,r
659,E,E,r,r,E,E,r,r,E,E,r,r,E,E,r,r
660,E,E,r,r,E,E,r,r,E,E,r,r,E,E,r,r
661,E,E,r,r,E,E,r,r,E,E,r,r,E,E,r,r
662,E,E,r,r,E,E,r,r,E,E,r,r,E,E,r,r
663,E,E,r,r,E,E,r,r,E,E,r,r,E,E,r,r
664,E,E,r,r,E,E,r,r,E,E,r,r,E,E,r,r
665,E,E,r,r,E,E,r,r,E,E,r,r,E,E,r,r
666,E,E,r,r,E,E,r,r,E,E,r,r,E,E,r,r
667,E,E,r,r,E,E,r,r,E,E,r,r,E,E,r,r
668,E,E,r,r,E,E,r,r,E,E,r,r,E,E,r,r
669,E,E,r,r,E,E,r,r,E,E,r,r,E,E,r,r
670,E,E,r,r,E,E,r,r,E,E,r,r,E,E,r,r
671,E,E,r,r,E,E,r,r,E,E,r,r,E,E,r,r
672,E,E,r,r,E,E,r,r,E,E,r,r,E,E,r,r
673,E,E,r,r,E,E,r,r,E,E,r,r,E,E,r,r
674,E,E,r,r,E,E,r,r,E,E,r,r,E,E,r,r
675,E,E,r,r,E,E,r,r,E,E,r,r,E,E,r,r
676,E,E,r,r,E,E,r,r,E,E,r,r,E,E,r,r
677,E,E,r,r,E,E,r,r,E,E,r,r,E,E,r,r
678,E,E,r,r,E,E,r,r,E,E,r,r,E,E,r,r
679,E,E,r,r,E,E,r,r,E,E,r,r,E,E,r,r
680,E,E,r,r,E,E,r,r,E,E,r,r,E,E,r,r
681,E,E,r,r,E,E,r,r,E,E,r,r,E,E,r,r
682,E,E,r,r,E,E,r,r,E,E,r,r,E,E,r,r
683,E,E,r,r,E,E,r,r,E,E,r,r,E,E,r,r
684,E,E,r,r,E,E,r,r,E,E,r,r,E,E,r,r
685,E,E,r,r,E,E,r,r,E,E,r,r,E,E,r,r
686,E,E,r,r,E,E,r,r,E,E,r,r,E,E,r,r
687,E,E,r,r,E,E,r,r,E,E,r,r,E,E,r,r
688,E,E,r,r,E,E,r,r,E,E,r,r,E,E,r,r
689,E,E,r,r,E,E,r,r,E,E,r,r,E,E,r,r
690,E,E,r,r,E,E,r,r,E,E,r,r,E,E,r,r
691,E,E,r,r,E,E,r,r,E,E,r,r,E,E,r,r
692,E,E,r,r,E,E,r,r,E,E,r,r,E,E,r,r
693,E,E,r,r,E,E,r,r,E,E,r,r,E,E,r,r
694,E,E,r,r,E,E,r,r,E,E,r,r,E,E,r,r
695,E,E,r,r,E,E,r,r,E,E,r,r,E,E,r,r
696,E,E,r,r,E,E,r,r,E,E,r,r,E,E,r,r
697,E,E,r,r,E,E,r,r,E,E,r,r,E,E,r,r
698,E,E,r,r,E,E,r,r,E,E,r,r,E,E,r,r
699,E,E,r,r,E,E,r,r,E,E,r,r,E,E,r,r
700,E,E,r,r,E,E,r,r,E,E,r,r,E,E,r,r
701,E,E,r,r,E,E,r,r,E,E,r,r,E,E,r,r
702,E,E,r,r,E,E,r,r,E,E,r,r,E,E,r,r
703,E,E,r,r,E,E,r,r,E,E,r,r,E,E,r,r
704,E,E,r,r,E,E,r,r,E,E,r,r,E,E,r,r
705,E,E,r,r,E,E,r,r,E,E,r,r,E,E,r,r
706,E,E,r,r,E,E,r,r,E,E,r,r,E,E,r,r
707,E,E,r,r,E,E,r,r,E,E,r,r,E,E,r,r
708,E,E,r,r,E,E,r,r,E,E,r,r,E,E,r,r
709,E,E,r,r,E,E,r,r,E,E,r,r,E,E,r,r
710,E,E,r,r,E,E,r,r,E,E,r,r,E,E,r,r
711,E,E,r,r,E,E,r,r,E,E,r,r,E,E,r,r
712,E,E,r,r,E,E,r,r,E,E,r,r,E,E,r,r
713,E,E,r,r,E,E,r,r,E,E,r,r,E,E,r,r
714,E,E,r,r,E,E,r,r,E,E,r,r,E,E,r,r
715,E,E,r,r,E,E,r,r,E,E,r,r,E,E,r,r
716,E,E,r,r,E,E,r,r,E,E,r,r,E,E,r,r
717,E,E,r,r,E,E,r,r,E,E,r,r,E,E,r,r
718,E,E,r,r,E,E,r,r,E,E,r,r,E,E,r,r
719,E,E,r,r,E,E,r,r,E,E,r,r,E,E,r,r
720,E,E,r,r,E,E,r,r,E,E,r,r,E,E,r,r
721,E,E,r,r,E,E,r,r,E,E,r,r,E,E,r,r
722,E,E,r,r,E,E,r,r,E,E,r,r,E,E,r,r
723,E,E,r,r,E,E,r,r,E,E,r,r,E,E,r,r
724,E,E,r,r,E,E,r,r,E,E,r,r,E,E,r,r
725,E,E,r,r,E,E,r,r,E,E,r,r,E,E,r,r
726,E,E,r,r,E,E,r,r,E,E,r,r,E,E,r,r
727,E,E,r,r,E,E,r,r,E,E,r,r,E,E,r,r
728,E,E,r,r,E,E,r,r,E,E,r,r,E,E,r,r
729,E,E,r,r,E,E,r,r,E,E,r,r,E,E,r,r
730,E,E,r,r,E,E,r,r,E,E,r,r,E,E,r,r
731,E,E,r,r,E,E,r,r,E,E,r,r,E,E,r,r
732,E,E,r,r,E,E,r,r,E,E,r,r,E,E,r,r
733,E,E,r,r,E,E,r,r,E,E,r,r,E,E,r,r
734,E,E,r,r,E,E,r,r,E,E,r,r,E,E,r,r
735,E,E,r,r,E,E,r,r,E,E,r,r,E,E,r,r
736,E,E,r,r,E,E,r,r,E,E,r,r,E,E,r,r
737,E,E,r,r,E,E,r,r,E,E,r,r,E,E,r,r
738,E,E,r,r,E,E,r,r,E,E,r,r,E,E,r,r
739,E,E,r,r,E,E,r,r,E,E,r,r,E,E,r,r
740,E,E,r,r,E,E,r,r,E,E,r,r,E,E,r,r
741,E,E,r,r,E,E,r,r,E,E,r,r,E,E,r,r
742,E,E,r,r,E,E,r,r,E,E,r,r,E,E,r,r
743,E,E,r,r,E,E,r,r,E,E,r,r,E,E,r,r
744,E,E,r,r,E,E,r,r,E,E,r,r,E,E,r,r
745,E,E,r,r,E,E,r,r,E,E,r,r,E,E,r,r
746,E,E,r,r,E,E,r,r,E,E,r,r,E,E,r,r
747,E,E,r,r,E,E,r,r,E,E,r,r,E,E,r,r
748,E,E,r,r,E,E,r,r,E,E,r,r,E,E,r,r
749,E,E,r,r,E,E,r,r,E,E,r,r,E,E,r,r
750,E,E,r,r,E,E,r,r,E,E,r,r,E,E,r,r
751,E,E,r,r,E,E,r,r,E,E,r,r,E,E,r,r
752,E,E,r,r,E,E,r,r,E,E,r,r,E,E,r,r
753,E,E,r,r,E,E,r,r,E,E,r,r,E,E,r,r
754,E,E,r,r,E,E,r,r,E,E,r,r,E,E,r,r
755,E,E,r,r,E,E,r,r,E,E,r,r,E,E,r,r
756,E,E,r,r,E,E,r,r,E,E,r,r,E,E,r,r
757,E,E,r,r,E,E,r,r,E,E,r,r,E,E,r,r
758,E,E,r,r,E,E,r,r,E,E,r,r,E,E,r,r
759,E,E,r,r,E,E,r,r,E,E,r,r,E,E,r,r
760,E,E,r,r,E,E,r,r,E,E,r,r,E,E,r,r
761,E,E,r,r,E,E,r,r,E,E,r,r,E,E,r,r
762,E,E,r,r,E,E,r,r,E,E,r,r,E,E,r,r
763,E,E,r,r,E,E,r,r,E,E,r,r,E,E,r,r
764,E,E,r,r,E,E,r,r,E,E,r,r,E,E,r,r
765,E,E,r,r,E,E,r,r,E,E,r,r,E,E,r,r
766,E,E,r,r,E,E,r,r,E,E,r,r,E,E,r,r
767,E,E,r,r,E,E,r,r,E,E,r,r,E,E,r,r
768,E,E,r,r,E,E,r,r,E,E,r,r,E,E,r,r
769,E,E,r,r,E,E,r,r,E,E,r,r,E,E,r,r
770,E,E,r,r,E,E,r,r,E,E,r,r,E,E,r,r
771,E,E,r,r,E,E,r,r,E,E,r,r,E,E,r,r
772,E,E,r,r,E,E,r,r,E,E,r,r,E,E,r,r
773,E,E,r,r,E,E,r,r,E,E,r,r,E,E,r,r
774,E,E,r,r,E,E,r,r,E,E,r,r,E,E,r,r
775,E,E,r,r,E,E,r,r,E,E,r,r,E,E,r,r
776,E,E,r,r,E,E,r,r,E,E,r,r,E,E,r,r
777,E,E,r,r,E,E,r,r,E,E,r,r,E,E,r,r
778,E,E,r,r,E,E,r,r,E,E,r,r,E,E,r,r
779,E,E,r,r,E,E,r,r,E,E,r,r,E,E,r,r
780,E,E,r,r,E,E,r,r,E,E,r,r,E,E,r,r
781,E,E,r,r,E,E,r,r,E,E,r,r,E,E,r,r
782,E,E,r,r,E,E,r,r,E,E,r,r,E,E,r,r
783,E,E,r,r,E,E,r,r,E,E,r,r,E,E,r,r
784,E,E,r,r,E,E,r,r,E,E,r,r,E,E,r,r
785,E,E,r,r,E,E,r,r,E,E,r,r,E,E,r,r
786,E,E,r,r,E,E,r,r,E,E,r,r,E,E,r,r
787,E,E,r,r,E,E,r,r,E,E,r,r,E,E,r,r
788,E,E,r,r,E,E,r,r,E,E,r,r,E,E,r,r
789,E,E,r,r,E,E,r,r,E,E,r,r,E,E,r,r
790,E,E,r,r,E,E,r,r,E,E,r,r,E,E,r,r
791,E,E,r,r,E,E,r,r,E,E,r,r,E,E,r,r
792,E,E,r,r,E,E,r,r,E,E,r,r,E,E,r,r
793,E,E,r,r,E,E,r,r,E,E,r,r,E,E,r,r
794,E,E,r,r,E,E,r,r,E,E,r,r,E,E,r,r
795,E,E,r,r,E,E,r,r,E,E,r,r,E,E,r,r
796,E,E,r,r,E,E,r,r,E,E,r,r,E,E,r,r
797,E,E,r,r,E,E,r,r,E,E,r,r,E,E,r,r
798,E,E,r,r,E,E,r,r,E,E,r,r,E,E,r,r
799,E,E,r,r,E,E,r,r,E,E,r,r,E,E,r,r
800,E,E,r,r,E,E,r,r,E,E,r,r,E,E,r,r
801,E,E,r,r,E,E,r,r,E,E,r,r,E,E,r,r
802,E,E,r,r,E,E,r,r,E,E,r,r,E,E,r,r
803,E,E,r,r,E,E,r,r,E,E,r,r,E,E,r,r
804,E,E,r,r,E,E,r,r,E,E,r,r,E,E,r,r
805,E,E,r,r,E,E,r,r,E,E,r,r,E,E,r,r
806,E,E,r,r,E,E,r,r,E,E,r,r,E,E,r,r
807,E,E,r,r,E,E,r,r,E,E,r,r,E,E,r,r
808,E,E,r,r,E,E,r,r,E,E,r,r,E,E,r,r
809,E,E,r,r,E,E,r,r,E,E,r,r,E,E,r,r
810,E,E,r,r,E,E,r,r,E,E,r,r,E,E,r,r
811,E,E,r,r,E,E,r,r,E,E,r,r,E,E,r,r
812,E,E,r,r,E,E,r,r,E,E,r,r,E,E,r,r
813,E,E,r,r,E,E,r,r,E,E,r,r,E,E,r,r
814,E,E,r,r,E,E,r,r,E,E,r,r,E,E,r,r
815,E,E,r,r,E,E,r,r,E,E,r,r,E,E,r,r
816,E,E,r,r,E,E,r,r,E,E,r,r,E,E,r,r
817,E,E,r,r,E,E,r,r,E,E,r,r,E,E,r,r
818,E,E,r,r,E,E,r,r,E,E,r,r,E,E,r,r
819,E,E,r,r,E,E,r,r,E,E,r,r,E,E,r,r
820,E,E,r,r,E,E,r,r,E,E,r,r,E,E,r,r
821,E,E,r,r,E,E,r,r,E,E,r,r,E,E,r,r
822,E,E,r,r,E,E,r,r,E,E,r,r,E,E,r,r
823,E,E,r,r,E,E,r,r,E,E,r,r,E,E,r,r
824,E,E,r,r,E,E,r,r,E,E,r,r,E,E,r,r
825,E,E,r,r,E,E,r,r,E,E,r,r,E,E,r,r
826,E,E,r,r,E,E,r,r,E,E,r,r,E,E,r,r
827,E,E,r,r,E,E,r,r,E,E,r,r,E,E,r,r
828,E,E,r,r,E,E,r,r,E,E,r,r,E,E,r,r
829,E,E,r,r,E,E,r,r,E,E,r,r,E,E,r,r
830,E,E,r,r,E,E,r,r,E,E,r,r,E,E,r,r
831,E,E,r,r,E,E,r,r,E,E,r,r,E,E,r,r
832,E,E,r,r,E,E,r,r,E,E,r,r,E,E,r,r
833,E,E,r,r,E,E,r,r,E,E,r,r,E,E,r,r
834,E,E,r,r,E,E,r,r,E,E,r,r,E,E,r,r
835,E,E,r,r,E,E,r,r,E,E,r,r,E,E,r,r
836,E,E,r,r,E,E,r,r,E,E,r,r,E,E,r,r
837,E,E,r,r,E,E,r,r,E,E,r,r,E,E,r,r
838,E,E,r,r,E,E,r,r,E,E,r,r,E,E,r,r
839,E,E,r,r,E,E,r,r,E,E,r,r,E,E,r,r
840,E,E,r,r,E,E,r,r,E,E,r,r,E,E,r,r
841,E,E,r,r,E,E,r,r,E,E,r,r,E,E,r,r
842,E,E,r,r,E,E,r,r,E,E,r,r,E,E,r,r
843,E,E,r,r,E,E,r,r,E,E,r,r,E,E,r,r
844,E,E,r,r,E,E,r,r,E,E,r,r,E,E,r,r
845,E,E,r,r,E,E,r,r,E,E,r,r,E,E,r,r
846,E,E,r,r,E,E,r,r,E,E,r,r,E,E,r,r
847,E,E,r,r,E,E,r,r,E,E,r,r,E,E,r,r
848,E,E,r,r,E,E,r,r,E,E,r,r,E,E,r,r
849,E,E,r,r,E,E,r,r,E,E,r,r,E,E,r,r
850,E,E,r,r,E,E,r,r,E,E,r,r,E,E,r,r
851,E,E,r,r,E,E,r,r,E,E,r,r,E,E,r,r
852,E,E,r,r,E,E,r,r,E,E,r,r,E,E,r,r
853,E,E,r,r,E,E,r,r,E,E,r,r,E,E,r,r
854,E,E,r,r,E,E,r,r,E,E,r,r,E,E,r,r
855,E,E,r,r,E,E,r,r,E,E,r,r,E,E,r,r
856,E,E,r,r,E,E,r,r,E,E,r,r,E,E,r,r
857,E,E,r,r,E,E,r,r,E,E,r,r,E,E,r,r
858,E,E,r,r,E,E,r,r,E,E,r,r,E,E,r,r
859,E,E,r,r,E,E,r,r,E,E,r,r,E,E,r,r
860,E,E,r,r,E,E,r,r,E,E,r,r,E,E,r,r
861,E,E,r,r,E,E,r,r,E,E,r,r,E,E,r,r
862,E,E,r,r,E,E,r,r,E,E,r,r,E,E,r,r
863,E,E,r,r,E,E,r,r,E,E,r,r,E,E,r,r
864,E,E,r,r,E,E,r,r,E,E,r,r,E,E,r,r
865,E,E,r,r,E,E,r,r,E,E,r,r,E,E,r,r
866,E,E,r,r,E,E,r,r,E,E,r,r,E,E,r,r
867,E,E,r,r,E,E,r,r,E,E,r,r,E,E,r,r
868,E,E,r,r,E,E,r,r,E,E,r,r,E,E,r,r
869,E,E,r,r,E,E,r,r,E,E,r,r,E,E,r,r
870,E,E,r,r,E,E,r,r,E,E,r,r,E,E,r,r
871,E,E,r,r,E,E,r,r,E,E,r,r,E,E,r,r
872,E,E,r,r,E,E,r,r,E,E,r,r,E,E,r,r
873,E,E,r,r,E,E,r,r,E,E,r,r,E,E,r,r
874,E,E,r,r,E,E,r,r,E,E,r,r,E,E,r,r
875,E,E,r,r,E,E,r,r,E,E,r,r,E,E,r,r
876,E,E,r,r,E,E,r,r,E,E,r,r,E,E,r,r
877,E,E,r,r,E,E,r,r,E,E,r,r,E,E,r,r
878,E,E,r,r,E,E,r,r,E,E,r,r,E,E,r,r
879,E,E,r,r,E,E,r,r,E,E,r,r,E,E,r,r
880,E,E,r,r,E,E,r,r,E,E,r,r,E,E,r,r
881,E,E,r,r,E,E,r,r,E,E,r,r,E,E,r,r
882,E,E,r,r,E,E,r,r,E,E,r,r,E,E,r,r
883,E,E,r,r,E,E,r,r,E,E,r,r,E,E,r,r
884,E,E,r,r,E,E,r,r,E,E,r,r,E,E,r,r
885,E,E,r,r,E,E,r,r,E,E,r,r,E,E,r,r
886,E,E,r,r,E,E,r,r,E,E,r,r,E,E,r,r
887,E,E,r,r,E,E,r,r,E,E,r,r,E,E,r,r
888,E,E,r,r,E,E,r,r,E,E,r,r,E,E,r,r
889,E,E,r,r,E,E,r,r,E,E,r,r,E,E,r,r
890,E,E,r,r,E,E,r,r,E,E,r,r,E,E,r,r
891,E,E,r,r,E,E,r,r,E,E,r,r,E,E,r,r
892,E,E,r,r,E,E,r,r,E,E,r,r,E,E,r,r
893,E,E,r,r,E,E,r,r,E,E,r,r,E,E,r,r
894,E,E,r,r,E,E,r,r,E,E,r,r,E,E,r,r
895,E,E,r,r,E,E,r,r,E,E,r,r,E,E,r,r
896,E,E,r,r,E,E,r,r,E,E,r,r,E,E,r,r
897,E,E,r,r,E,E,r,r,E,E,r,r,E,E,r,r
898,E,E,r,r,E,E,r,r,E,E,r,r,E,E,r,r
899,E,E,r,r,E,E,r,r,E,E,r,r,E,E,r,r
900,E,E,r,r,E,E,r,r,E,E,r,r,E,E,r,r
901,E,E,r,r,E,E,r,r,E,E,r,r,E,E,r,r
902,E,E,r,r,E,E,r,r,E,E,r,r,E,E,r,r
903,E,E,r,r,E,E,r,r,E,E,r,r,E,E,r,r
904,E,E,r,r,E,E,r,r,E,E,r,r,E,E,r,r
905,E,E,r,r,E,E,r,r,E,E,r,r,E,E,r,r
906,E,E,r,r,E,E,r,r,E,E,r,r,E,E,r,r
907,E,E,r,r,E,E,r,r,E,E,r,r,E,E,r,r
908,E,E,r,r,E,E,r,r,E,E,r,r,E,E,r,r
909,E,E,r,r,E,E,r,r,E,E,r,r,E,E,r,r
910,E,E,r,r,E,E,r,r,E,E,r,r,E,E,r,r
911,E,E,r,r,E,E,r,r,E,E,r,r,E,E,r,r
912,E,E,r,r,E,E,r,r,E,E,r,r,E,E,r,r
913,E,E,r,r,E,E,r,r,E,E,r,r,E,E,r,r
914,E,E,r,r,E,E,r,r,E,E,r,r,E,E,r,r
915,E,E,r,r,E,E,r,r,E,E,r,r,E,E,r,r
916,E,E,r,r,E,E,r,r,E,E,r,r,E,E,r,r
917,E,E,r,r,E,E,r,r,E,E,r,r,E,E,r,r
918,E,E,r,r,E,E,r,r,E,E,r,r,E,E,r,r
919,E,E,r,r,E,E,r,r,E,E,r,r,E,E,r,r
920,E,E,r,r,E,E,r,r,E,E,r,r,E,E,r,r
921,E,E,r,r,E,E,r,r,E,E,r,r,E,E,r,r
922,E,E,r,r,E,E,r,r,E,E,r,r,E,E,r,r
923,E,E,r,r,E,E,r,r,E,E,r,r,E,E,r,r
924,E,E,r,r,E,E,r,r,E,E,r,r,E,E,r,r
925,E,E,r,r,E,E,r,r,E,E,r,r,E,E,r,r
926,E,E,r,r,E,E,r,r,E,E,r,r,E,E,r,r
927,E,E,r,r,E,E,r,r,E,E,r,r,E,E,r,r
928,E,E,r,r,E,E,r,r,E,E,r,r,E,E,r,r
929,E,E,r,r,E,E,r,r,E,E,r,r,E,E,r,r
930,E,E,r,r,E,E,r,r,E,E,r,r,E,E,r,r
931,E,E,r,r,E,E,r,r,E,E,r,r,E,E,r,r
932,E,E,r,r,E,E,r,r,E,E,r,r,E,E,r,r
933,E,E,r,r,E,E,r,r,E,E,r,r,E,E,r,r
934,E,E,r,r,E,E,r,r,E,E,r,r,E,E,r,r
935,E,E,r,r,E,E,r,r,E,E,r,r,E,E,r,r
936,E,E,r,r,E,E,r,r,E,E,r,r,E,E,r,r
937,E,E,r,r,E,E,r,r,E,E,r,r,E,E,r,r
938,E,E,r,r,E,E,r,r,E,E,r,r,E,E,r,r
939,E,E,r,r,E,E,r,r,E,E,r,r,E,E,r,r
940,E,E,r,r,E,E,r,r,E,E,r,r,E,E,r,r
941,E,E,r,r,E,E,r,r,E,E,r,r,E,E,r,r
942,E,E,r,r,E,E,r,r,E,E,r,r,E,E,r,r
943,E,E,r,r,E,E,r,r,E,E,r,r,E,E,r,r
944,E,E,r,r,E,E,r,r,E,E,r,r,E,E,r,r
945,E,E,r,r,E,E,r,r,E,E,r,r,E,E,r,r
946,E,E,r,r,E,E,r,r,E,E,r,r,E,E,r,r
947,E,E,r,r,E,E,r,r,E,E,r,r,E,E,r,r
948,E,E,r,r,E,E,r,r,E,E,r,r,E,E,r,r
949,E,E,r,r,E,E,r,r,E,E,r,r,E,E,r,r
950,E,E,r,r,E,E,r,r,E,E,r,r,E,E,r,r
951,E,E,r,r,E,E,r,r,E,E,r,r,E,E,r,r
952,E,E,r,r,E,E,r,r,E,E,r,r,E,E,r,r
953,E,E,r,r,E,E,r,r,E,E,r,r,E,E,r,r
954,E,E,r,r,E,E,r,r,E,E,r,r,E,E,r,r
955,E,E,r,r,E,E,r,r,E,E,r,r,E,E,r,r
956,E,E,r,r,E,E,r,r,E,E,r,r,E,E,r,r
957,E,E,r,r,E,E,r,r,E,E,r,r,E,E,r,r
958,E,E,r,r,E,E,r,r,E,E,r,r,E,E,r,r
959,E,E,r,r,E,E,r,r,E,E,r,r,E,E,r,r
960,E,E,r,r,E,E,r,r,E,E,r,r,E,E,r,r
961,E,E,r,r,E,E,r,r,E,E,r,r,E,E,r,r
962,E,E,r,r,E,E,r,r,E,E,r,r,E,E,r,r
963,E,E,r,r,E,E,r,r,E,E,r,r,E,E,r,r
964,E,E,r,r,E,E,r,r,E,E,r,r,E,E,r,r
965,E,E,r,r,E,E,r,r,E,E,r,r,E,E,r,r
966,E,E,r,r,E,E,r,r,E,E,r,r,E,E,r,r
967,E,E,r,r,E,E,r,r,E,E,r,r,E,E,r,r
968,E,E,r,r,E,E,r,r,E,E,r,r,E,E,r,r
969,E,E,r,r,E,E,r,r,E,E,r,r,E,E,r,r
970,E,E,r,r,E,E,r,r,E,E,r,r,E,E,r,r
971,E,E,r,r,E,E,r,r,E,E,r,r,E,E,r,r
972,E,E,r,r,E,E,r,r,E,E,r,r,E,E,r,r
973,E,E,r,r,E,E,r,r,E,E,r,r,E,E,r,r
974,E,E,r,r,E,E,r,r,E,E,r,r,E,E,r,r
975,E,E,r,r,E,E,r,r,E,E,r,r,E,E,r,r
976,E,E,r,r,E,E,r,r,E,E,r,r,E,E,r,r
977,E,E,r,r,E,E,r,r,E,E,r,r,E,E,r,r
978,E,E,r,r,E,E,r,r,E,E,r,r,E,E,r,r
979,E,E,r,r,E,E,r,r,E,E,r,r,E,E,r,r
980,E,E,r,r,E,E,r,r,E,E,r,r,E,E,r,r
981,E,E,r,r,E,E,r,r,E,E,r,r,E,E,r,r
982,E,E,r,r,E,E,r,r,E,E,r,r,E,E,r,r
983,E,E,r,r,E,E,r,r,E,E,r,r,E,E,r,r
984,E,E,r,r,E,E,r,r,E,E,r,r,E,E,r,r
985,E,E,r,r,E,E,r,r,E,E,r,r,E,E,r,r
986,E,E,r,r,E,E,r,r,E,E,r,r,E,E,r,r
987,E,E,r,r,E,E,r,r,E,E,r,r,E,E,r,r
988,E,E,r,r,E,E,r,r,E,E,r,r,E,E,r,r
989,E,E,r,r,E,E,r,r,E,E,r,r,E,E,r,r
990,E,E,r,r,E,E,r,r,E,E,r,r,E,E,r,r
991,E,E,r,r,E,E,r,r,E,E,r,r,E,E,r,r
992,E,E,r,r,E,E,r,r,E,E,r,r,E,E,r,r
993,E,E,r,r,E,E,r,r,E,E,r,r,E,E,r,r
994,E,E,r,r,E,E,r,r,E,E,r,r,E,E,r,r
995,E,E,r,r,E,E,r,r,E,E,r,r,E,E,r,r
996,E,E,r,r,E,E,r,r,E,E,r,r,E,E,r,r
997,E,E,r,r,E,E,r,r,E,E,r,r,E,E,r,r
998,E,E,r,r,E,E,r,r,E,E,r,r,E,E,r,r
999,E,E,r,r,E,E,r,r,E,E,r,r,E,E,r,r
1000,E,E,r,r,E,E,r,r,E,E,r,r,E,E,r,r
